https://www.amazon.in/Carnival-Blueberries-Dried-250g/dp/B011Y6QIY0,Carnival Blueberries Dried - 250g,,
https://www.amazon.in/Rostaa-Blueberry-Sweet-Delicius-150g/dp/B01EUIJ3WS,Rostaa Blueberry Sweet and Delicius, 150g ( PACK OF 2 ),
https://www.amazon.in/Happilo-Premium-Dried-Californian-Blueberries-150g/dp/B01LYTOXJ1,HappiloåÊPremium Dried Californian Blueberries, 150g,
https://www.amazon.in/Rostaa-Blueberry-Sweet-Delicius-150g/dp/B00OOHSW3C,Rostaa Blueberry Sweet and Delicius, 150g,
https://www.amazon.in/Flyberry-Gourmet-Dehydrated-Blueberry-250/dp/B076J7ZJPV,Flyberry Gourmet Dehydrated Blueberry 250 g,,
https://www.amazon.in/Del-Monte-Delmonte-Dried-Blueberries/dp/B06Y63R5K5,Delmonte Dried Blueberries, 130g,
https://www.amazon.in/Rostaa-Value-Pack-Blueberries-1kg/dp/B018IB47IS,Rostaa Value Pack, Blueberries, 1kg
https://www.amazon.in/Happilo-Premium-Dried-Californian-Blueberries-150g/dp/B0744K68RS,HappiloåÊPremium Dried Californian Blueberries, 150g,
https://www.amazon.in/Raw-Essentials-Premium-Whole-Blueberries/dp/B074SGSB8C,Raw Essentials Premium Whole Dried Blueberries, 500g,
https://www.amazon.in/Rostaa-Blue-Berries-Standup-Pouch/dp/B00W3IHOWY,Rostaa Blue Berries Standup Pouch, 75g,
https://www.amazon.in/Carnival-Cranberry-Whole-250g/dp/B011Y42F8K,Cranberry Whole 250g,,
https://www.amazon.in/Happilo-Premium-International-Super-Berries-200g/dp/B01LXIWNMH,HappiloåÊPremium International Super Mix Berries, 200g,
https://www.amazon.in/Kenny-Delights-Dried-Blueberries-250g/dp/B01N5OCOEH,Kenny Delights Dried Blueberries, 250g,
https://www.amazon.in/Rostaa-Blueberry-75gm-Pack-2/dp/B076RYZPVC,Rostaa Blueberry 75gm (Pack of 2),,
https://www.amazon.in/Raw-Essentials-Premium-Whole-Cranberries/dp/B0745BD6XP,Raw Essentials Premium Whole Dried Cranberries, 500g,
https://www.amazon.in/Healthy-Buddha-Organic-Dried-Blueberry/dp/B071HXBCKS,Healthy Buddha Organic Dried Blueberry,,
https://www.amazon.in/Happilo-Premium-Dried-Blueberry-Cranberry/dp/B0758J9P5T,Happilo Premium Dried Whole Blueberry Cranberry Duet, 200g,
https://www.amazon.in/True-Elements-Assortment-Cranberries-Blueberries/dp/B01HFAP36I,True Elements Healthy Berries Combo Assortment, 300g (Dried Cranberries 150g, Dried Blueberries 150g)
https://www.amazon.in/True-Elements-Dried-Blueberries-150g/dp/B01AWJJ1Y4,True Elements Dried Blueberries, 150g,
https://www.amazon.in/Gourmia-Dried-Cranberries-200g/dp/B01HBRC0H0,Gourmia Dried Cranberries, 200g,
https://www.amazon.in/Nutraj-Signature-Dried-Blueberries-100G/dp/B016H51QZ4,Nutraj Signature Dried Blueberries, 100G - Vacuum Pack,
https://www.amazon.in/Urban-Platter-Dried-Blueberry-300g/dp/B014UT9G4W,Urban Platter Dried Blueberry, 300g Jar,
https://www.amazon.in/Carnival-California-Pitted-Prunes-300g/dp/B011Y69EIC,Carnival California Pitted Prunes 300g,,
https://www.amazon.in/Nutraj-Signature-Dried-Blueberries-100G/dp/B01ABU02RO,Nutraj Signature Dried Blueberries 100G (Pack Of 2),,